Policy1,Policy2,Policy3
SLR Plan,Lobby,Existing Agency
,,
,,
,,
,,
,,
,,
,,
,,
,,
,,
SLR Plan,Green Infra,Collab
,,
,,
,,
,,
,,
,,
,,
,,
,,
,,
Info Platform,Innov Design,Other
,,
,,
,,
,,
,,
,,
,,
,,
,,
,,
SLR Plan,Info Platform,Existing Agency
,,
,,
,,
,,
,,
,,
,,
,,
,,
,,
SLR Plan,Vulnerable,Info Platform
,,
,,
,,
,,
,,
,,
,,
,,
,,
,,
,,
,,
,,
,,
,,
,,
,,
,,
,,
,,
Green Infra,Innov Design,
,,
,,
,,
,,
,,
,,
,,
,,
,,
,,
Permits,Existing Agency,Collab
,,
,,
,,
,,
,,
,,
,,
,,
,,
,,
Permits,Green Infra,Innov Design
,,
,,
,,
,,
,,
,,
,,
,,
,,
,,
Vulnerable,Local Response,Regional Authority
,,
,,
,,
,,
,,
,,
,,
,,
,,
,,
Permits,DACs,Collab
,,
,,
,,
,,
,,
,,
,,
,,
,,
,,
Lobby,Permits,Collab
,,
Permits,Green Infra,Innov Design
Lobby,Innov Design,Collab
DACs,Innov Design,Collab
SLR Plan,Permits,Green Infra
Green Infra,Innov Design,Other
Green Infra,Innov Design,Collab
DACs,Vision,Existing Agency
SLR Plan,Info Platform,DACs
SLR Plan,Green Infra,Existing Agency
Lobby,DACs,Green Infra
Green Infra,Collab,Permits
SLR Plan,Existing Agency,Collab
SLR Plan,Vulnerable,Green Infra
SLR Plan,Vulnerable,Collab
Lobby,Existing Agency,Collab
Info Platform,Existing Agency,Collab
SLR Plan,Info Platform,Collab
SLR Plan,Green Infra,Collab
SLR Plan,Lobby,Existing Agency
SLR Plan,DACs,Collab
Lobby,Vision,
Geographic Focus,,
DACs,Green Infra,Collab
Permits,Green Infra,Regional Authority
SLR Plan,Info Platform,Collab
,,
SLR Plan,Vulnerable,DACs
Local Response,Existing Agency,Lobby
Green Infra,Existing Agency,Collab
SLR Plan,Regional Authority,Collab
,,
SLR Plan,Vulnerable,Collab
DACs,Green Infra,Vision
SLR Plan,Vulnerable,Collab
SLR Plan,Permits,Collab
Green Infra,Innov Design,Collab
SLR Plan,Innov Design,Local Response
Lobby,Permits,Collab
Vulnerable,Local Tax,Green Infra
SLR Plan,Vulnerable,DACs
Local Tax,Permits,DACs
Local Tax,Permits,Local Response
Info Platform,Green Infra,Collab
SLR Plan,Info Platform,Regional Authority
DACs,Green Infra,Vision
SLR Plan,Innov Design,Collab
,,
Lobby,Permits,Collab
Vulnerable,Regional Authority,Existing Agency
SLR Plan,DACs,Collab
SLR Plan,Local Tax,Existing Agency
SLR Plan,Existing Agency,Collab
Permits,Local Response,Collab
Permits,Green Infra,Existing Agency
Vulnerable,DACs,SLR Plan
Lobby,Local Response,Geographic Focus
Permits,Green Infra,Local Response
Info Platform,Innov Design,Existing Agency
DACs,Innov Design,Collab
Green Infra,Existing Agency,Collab
,,
DACs,Green Infra,Existing Agency
SLR Plan,Vulnerable,Permits
Lobby,Permits,DACs
DACs,Existing Agency,Collab
Green Infra,Vision,Regional Authority
SLR Plan,Local Tax,Vision
Permits,Innov Design,Land Use
SLR Plan,Green Infra,Collab
Permits,Green Infra,Existing Agency
Green Infra,Vision,Collab
SLR Plan,Permits,Collab
Local Tax,Regional Authority,Existing Agency
Info Platform,Vision,Collab
SLR Plan,Innov Design,Regional Authority
Permits,Existing Agency,Collab
SLR Plan,Green Infra,Existing Agency
Vulnerable,Permits,Green Infra
Lobby,Info Platform,Collab
Permits,DACs,Vision
Lobby,DACs,Green Infra
Vulnerable,Permits,Green Infra
,,
SLR Plan,Local Tax,Green Infra
Vulnerable,Existing Agency,Lobby
SLR Plan,Info Platform,Green Infra
Green Infra,Regional Authority,
Vulnerable,DACs,Green Infra
Info Platform,DACs,Green Infra
Green Infra,Innov Design,Existing Agency
Info Platform,Innov Design,Existing Agency
Vulnerable,Local Tax,Green Infra
DACs,Existing Agency,Collab
Permits,Innov Design,Existing Agency
SLR Plan,Permits,Innov Design
SLR Plan,Vision,Collab
Local Tax,Permits,Collab
DACs,Innov Design,Regional Authority
SLR Plan,Local Tax,Regional Authority
Regional Authority,,
SLR Plan,Local Tax,Regional Authority
Local Tax,Permits,Green Infra
SLR Plan,Local Tax,Collab
Vulnerable,Local Tax,Green Infra
Lobby,Info Platform,Community Engagement
SLR Plan,Lobby,
SLR Plan,Lobby,DACs
SLR Plan,Local Tax,Existing Agency
Vulnerable,Local Tax,Regional Authority
SLR Plan,Innov Design,Collab
SLR Plan,Local Tax,Permits
SLR Plan,Vision,Existing Agency
SLR Plan,Lobby,Collab
SLR Plan,Vulnerable,Collab
Permits,DACs,Land Use
,,
SLR Plan,Info Platform,Regional Authority
Lobby,Green Infra,Local Response
SLR Plan,Info Platform,Green Infra
Vulnerable,Regional Authority,Collab
Green Infra,,
Innov Design,Collab,SLR Plan
Permits,Innov Design,Local Response
SLR Plan,Permits,Info Platform
DACs,Green Infra,Collab
Regional Authority,,
SLR Plan,Info Platform,Innov Design
Lobby,Innov Design,Local Response
Vulnerable,Existing Agency,Collab
SLR Plan,Vulnerable,Vision
Lobby,Permits,Green Infra
SLR Plan,Vulnerable,Collab
DACs,Existing Agency,Land Use
Permits,Existing Agency,Collab
SLR Plan,Existing Agency,
Green Infra,Innov Design,Regional Authority
Permits,DACs,Vision
Innov Design,Collab,Educate Officials
Info Platform,Green Infra,Collab
Vulnerable,Permits,Collab
Green Infra,Vision,Regional Authority
Lobby,DACs,Local Response
SLR Plan,Vulnerable,Collab
Local Tax,Regional Authority,
Lobby,Permits,Collab
Local Tax,Innov Design,Collab
SLR Plan,Vision,
SLR Plan,Permits,Existing Agency
DACs,Existing Agency,
SLR Plan,Vulnerable,Collab
SLR Plan,DACs,Green Infra
SLR Plan,Info Platform,Collab
Vulnerable,Info Platform,Green Infra
Lobby,Permits,Local Response
SLR Plan,Green Infra,Vision
SLR Plan,DACs,Vision
Lobby,Green Infra,Collab
SLR Plan,Info Platform,Collab
Vulnerable,Innov Design,Collab
SLR Plan,Lobby,DACs
Lobby,Info Platform,Existing Agency
SLR Plan,Existing Agency,Collab
Vulnerable,DACs,Local Response
Permits,DACs,Collab
Local Tax,Info Platform,Collab
Green Infra,Vision,Collab
DACs,Green Infra,Community Engagement
Vulnerable,Permits,Existing Agency
SLR Plan,Permits,Existing Agency
SLR Plan,DACs,Existing Agency
Permits,Info Platform,Collab
Permits,Green Infra,Innov Design
SLR Plan,Vulnerable,Info Platform
Green Infra,Innov Design,Existing Agency
Lobby,Permits,Existing Agency
Permits,,
DACs,Green Infra,Regional Authority
Innov Design,Local Response,Permits
Vulnerable,Permits,Existing Agency
SLR Plan,Vulnerable,Collab
,,
SLR Plan,Vulnerable,Lobby
Lobby,Green Infra,Local Response
Vulnerable,Lobby,Info Platform
SLR Plan,Regional Authority,Collab
Vulnerable,Info Platform,Collab
Green Infra,Vision,Collab
Vulnerable,Permits,Existing Agency
Lobby,Regional Authority,Existing Agency
Vulnerable,Regional Authority,Collab
Vulnerable,Green Infra,Regional Authority
SLR Plan,Lobby,DACs
DACs,Green Infra,Existing Agency
SLR Plan,Innov Design,Regional Authority
SLR Plan,Info Platform,Collab
SLR Plan,Green Infra,Existing Agency
Permits,Green Infra,Existing Agency
SLR Plan,Vulnerable,Existing Agency
,,
Permits,Local Response,Collab
Local Tax,DACs,Collab
Local Tax,Permits,Info Platform
SLR Plan,Local Tax,Lobby
SLR Plan,Local Tax,Permits
SLR Plan,Lobby,Regional Authority
SLR Plan,Vulnerable,Info Platform
Lobby,Permits,Existing Agency
Vulnerable,Existing Agency,
Lobby,Green Infra,Regional Authority
Lobby,DACs,Regional Authority
SLR Plan,Info Platform,Vision
Lobby,Permits,Innov Design
Vulnerable,DACs,Green Infra
Vulnerable,Permits,Local Response
Lobby,Vision,Existing Agency
Lobby,Local Response,Collab
SLR Plan,Lobby,Permits
Local Tax,DACs,Collab
SLR Plan,Vulnerable,Collab
Local Tax,Green Infra,Existing Agency
SLR Plan,Vision,Collab
SLR Plan,DACs,Vision
SLR Plan,DACs,
Info Platform,DACs,Green Infra
Permits,Existing Agency,Collab
SLR Plan,Permits,Collab
SLR Plan,Green Infra,Regional Authority
Permits,Collab,
Local Tax,Lobby,Existing Agency
Lobby,Info Platform,DACs
Local Tax,Permits,Existing Agency
Lobby,DACs,Collab
SLR Plan,Vulnerable,Permits
Green Infra,Vision,
Vulnerable,Permits,Vision
Permits,Info Platform,Collab
Vulnerable,DACs,Collab
SLR Plan,Lobby,Green Infra
DACs,Green Infra,Innov Design
SLR Plan,Permits,Collab
Info Platform,Green Infra,Collab
Vulnerable,Innov Design,Existing Agency
Permits,DACs,Collab
Vulnerable,Lobby,Collab
Vulnerable,Lobby,Green Infra
Permits,,
Vulnerable,Info Platform,DACs
Permits,Info Platform,Collab
SLR Plan,Permits,Existing Agency
Lobby,Regional Authority,Collab
SLR Plan,Permits,Vision
Vulnerable,Permits,Other
Info Platform,Innov Design,Collab
SLR Plan,Permits,Green Infra
Vulnerable,Green Infra,Collab
Lobby,DACs,
SLR Plan,Info Platform,Innov Design
SLR Plan,Innov Design,Collab
SLR Plan,Green Infra,Collab
DACs,Vision,Collab
Lobby,Info Platform,Collab
SLR Plan,Info Platform,Green Infra
SLR Plan,Innov Design,Existing Agency
SLR Plan,Green Infra,Innov Design
Lobby,DACs,Collab
SLR Plan,Local Tax,Info Platform
SLR Plan,Green Infra,Collab
SLR Plan,Green Infra,Vision
Collab,,
SLR Plan,Vulnerable,Permits
Permits,Green Infra,Collab
Vulnerable,Lobby,Collab
Permits,Green Infra,Innov Design
Local Tax,Permits,Existing Agency
DACs,Vision,
Lobby,DACs,Collab
Local Tax,Lobby,Existing Agency
Green Infra,Regional Authority,DACs
SLR Plan,Lobby,Collab
Lobby,Existing Agency,Collab
Permits,Green Infra,Local Response
,,
SLR Plan,Lobby,Collab
SLR Plan,Green Infra,Regional Authority
Lobby,Vision,Collab
Regional Authority,,
SLR Plan,Local Tax,Regional Authority
Permits,Innov Design,Collab
Local Tax,Innov Design,Existing Agency
Vulnerable,Info Platform,Collab
Lobby,Green Infra,Collab
Green Infra,Vision,Collab
Vulnerable,Permits,Collab
Permits,Regional Authority,Collab
Vulnerable,Existing Agency,Lobby
SLR Plan,Info Platform,Existing Agency
SLR Plan,Vulnerable,Info Platform
,,
,,
SLR Plan,Vulnerable,Existing Agency
SLR Plan,Info Platform,Existing Agency
Info Platform,DACs,Green Infra
SLR Plan,Existing Agency,Collab
Lobby,Green Infra,Innov Design
Lobby,Green Infra,Collab
Vulnerable,Lobby,Existing Agency
Vulnerable,Green Infra,Existing Agency
Lobby,Info Platform,Collab
Permits,Innov Design,Local Response
SLR Plan,Innov Design,Regional Authority
SLR Plan,Info Platform,Regional Authority
Permits,Regional Authority,Collab
Permits,Green Infra,Collab
Green Infra,Existing Agency,Collab
Lobby,DACs,Innov Design
Vulnerable,Info Platform,Collab
Local Tax,Permits,Innov Design
Lobby,Green Infra,Regional Authority
Vulnerable,Green Infra,Regional Authority
Vulnerable,Permits,
SLR Plan,Existing Agency,Collab
Vulnerable,Lobby,Collab
SLR Plan,Info Platform,Existing Agency
SLR Plan,Permits,Vision
SLR Plan,Permits,Innov Design
Green Infra,Vision,Innov Design
SLR Plan,Regional Authority,Collab
,,
Info Platform,DACs,Innov Design
Regional Authority,,
SLR Plan,Vulnerable,Local Tax
SLR Plan,Info Platform,Existing Agency
SLR Plan,Innov Design,Local Response
SLR Plan,Info Platform,Regional Authority
SLR Plan,Vulnerable,Existing Agency
Permits,Local Response,Other
DACs,Local Response,Collab
Vulnerable,Lobby,Innov Design
Vulnerable,Permits,Innov Design
Permits,DACs,Existing Agency
SLR Plan,DACs,Collab
DACs,Green Infra,Collab
SLR Plan,Collab,Other
Lobby,Collab,Land Use
Lobby,Permits,Collab
Lobby,Permits,DACs
Vulnerable,Info Platform,Existing Agency
Local Tax,Permits,Regional Authority
Info Platform,DACs,Vulnerable
SLR Plan,Vulnerable,Green Infra
Lobby,Green Infra,Collab
SLR Plan,Vulnerable,Green Infra
SLR Plan,Lobby,Collab
Info Platform,Existing Agency,Collab
SLR Plan,,
SLR Plan,Lobby,Existing Agency
SLR Plan,Vulnerable,Green Infra
Lobby,Green Infra,Collab
Vulnerable,Lobby,Info Platform
Vulnerable,Lobby,Collab
SLR Plan,Local Tax,Existing Agency
Vulnerable,DACs,Existing Agency
SLR Plan,Permits,Green Infra
Vulnerable,Info Platform,Collab
SLR Plan,Vulnerable,Green Infra
Green Infra,Innov Design,Collab
Info Platform,DACs,Regional Authority
Permits,Info Platform,Collab
SLR Plan,Permits,Collab
,,
Green Infra,Existing Agency,Collab
SLR Plan,Info Platform,
Vulnerable,Green Infra,Local Response
DACs,Green Infra,Collab
Permits,Vision,Regional Authority
Vision,Regional Authority,Collab
Vulnerable,Info Platform,DACs
SLR Plan,Permits,Regional Authority
Vulnerable,Innov Design,Existing Agency
Vulnerable,Green Infra,Local Response
Vulnerable,DACs,Innov Design
SLR Plan,Vision,Existing Agency
SLR Plan,Permits,Collab
Vulnerable,Lobby,Collab
Local Tax,,
SLR Plan,Vulnerable,Collab
Vulnerable,Permits,Collab
Vulnerable,Local Response,
Lobby,Green Infra,Existing Agency
Vulnerable,Info Platform,Collab
SLR Plan,DACs,Regional Authority
,,
DACs,,
Lobby,Info Platform,Green Infra
Lobby,DACs,Regional Authority
Permits,Green Infra,Vision
Local Tax,Permits,Green Infra
Lobby,Innov Design,Collab
SLR Plan,Vulnerable,Existing Agency
Vulnerable,DACs,Green Infra
Lobby,Green Infra,Regional Authority
SLR Plan,Info Platform,Regional Authority
Vulnerable,Vision,Collab
Permits,Green Infra,Collab
SLR Plan,Vulnerable,Collab
Permits,Land Use,
Permits,DACs,Existing Agency
Permits,Info Platform,Collab
SLR Plan,Local Tax,Regional Authority
SLR Plan,Regional Authority,Land Use
SLR Plan,Local Tax,DACs
SLR Plan,Vision,Regional Authority
Permits,DACs,Vision
Vulnerable,Vision,Collab
Permits,Green Infra,
DACs,Regional Authority,Collab
Local Tax,DACs,Innov Design
SLR Plan,Vulnerable,Info Platform
Lobby,Green Infra,Existing Agency
Vulnerable,Permits,Green Infra
SLR Plan,Green Infra,Existing Agency
Permits,Green Infra,Regional Authority
Lobby,Permits,DACs
Vulnerable,Local Tax,Local Response
Vulnerable,Vision,Innov Design
DACs,Green Infra,Other
SLR Plan,Lobby,Permits
SLR Plan,Vulnerable,Green Infra
SLR Plan,Permits,Collab
SLR Plan,Innov Design,Collab
SLR Plan,Vulnerable,Green Infra
Lobby,Green Infra,Existing Agency
Vulnerable,Green Infra,Other
DACs,Innov Design,Existing Agency
Local Tax,Lobby,Collab
Info Platform,Vision,Collab
Vulnerable,Lobby,Local Response
Vulnerable,Info Platform,Educate Officials
Lobby,Info Platform,Green Infra
,,
Green Infra,Collab,Community Engagement
Local Tax,,
Innov Design,Regional Authority,Collab
Vulnerable,Green Infra,Existing Agency
DACs,Vision,Existing Agency
Vulnerable,Lobby,Other
Local Tax,Permits,Green Infra
SLR Plan,DACs,Green Infra
Vulnerable,DACs,Vision
Lobby,DACs,Collab
SLR Plan,Vulnerable,Collab
Lobby,Permits,
SLR Plan,Innov Design,Regional Authority
SLR Plan,Local Tax,Lobby
Lobby,Innov Design,Local Response
Lobby,Other,
SLR Plan,Vulnerable,Existing Agency
Local Tax,Lobby,Collab
SLR Plan,DACs,Collab
SLR Plan,Local Tax,Lobby
Lobby,DACs,Existing Agency
Green Infra,Vision,Collab
SLR Plan,Permits,Local Response
Vulnerable,DACs,Vision
SLR Plan,Regional Authority,Existing Agency
SLR Plan,Green Infra,Vision
Local Tax,Green Infra,Existing Agency
Climate Change,,
SLR Plan,Vulnerable,Existing Agency
Lobby,Vision,Innov Design
SLR Plan,Permits,Existing Agency
DACs,Green Infra,Existing Agency
Green Infra,Vision,Collab
SLR Plan,Info Platform,Collab
SLR Plan,Vulnerable,Lobby
Vulnerable,Community Engagement,
Vision,Existing Agency,Collab
Info Platform,Existing Agency,Collab
Lobby,DACs,Local Response
SLR Plan,Vulnerable,Existing Agency
Vulnerable,Info Platform,Vision
Vulnerable,Innov Design,Collab
SLR Plan,Lobby,Existing Agency
Vulnerable,Lobby,Green Infra
Collab,,
SLR Plan,Lobby,Collab
Green Infra,Regional Authority,Collab
Lobby,Permits,Regional Authority
Lobby,Vision,Innov Design
SLR Plan,Existing Agency,Collab
SLR Plan,Innov Design,Existing Agency
SLR Plan,Green Infra,Collab
SLR Plan,Green Infra,Collab
SLR Plan,Local Tax,Green Infra
Info Platform,,
SLR Plan,Vulnerable,Collab
Permits,,
SLR Plan,Permits,Green Infra
Permits,Local Response,Collab
,,
SLR Plan,Vulnerable,Green Infra
Permits,Innov Design,Regional Authority
DACs,Regional Authority,
Lobby,Vision,Collab
SLR Plan,Green Infra,Local Response
Vulnerable,Permits,Info Platform
SLR Plan,Vulnerable,Existing Agency
Permits,Info Platform,Collab
SLR Plan,Vulnerable,Vision
Vulnerable,Lobby,Info Platform
SLR Plan,Local Tax,Permits
Green Infra,Innov Design,Regional Authority
Vulnerable,Innov Design,Existing Agency
Local Tax,Regional Authority,Collab
Vulnerable,Existing Agency,Collab
SLR Plan,Vulnerable,Collab
SLR Plan,Vulnerable,Existing Agency
Vulnerable,Green Infra,Community Engagement
Permits,Innov Design,Existing Agency
Lobby,Permits,Existing Agency
SLR Plan,Permits,Collab
Permits,Green Infra,Collab
SLR Plan,Info Platform,Collab
Lobby,Green Infra,Vision
Lobby,Regional Authority,Collab
SLR Plan,Green Infra,Collab
,,
SLR Plan,Permits,Vision
Permits,Vision,Collab
Local Tax,Green Infra,Collab
SLR Plan,Local Tax,Collab
Green Infra,Local Response,Collab
SLR Plan,Existing Agency,Collab
DACs,Existing Agency,
Info Platform,DACs,Innov Design
SLR Plan,Local Tax,Permits
Vulnerable,Vision,
Green Infra,Regional Authority,Collab
SLR Plan,Local Tax,Regional Authority
SLR Plan,Vision,Collab
SLR Plan,Green Infra,Collab
SLR Plan,Info Platform,Existing Agency
SLR Plan,Vulnerable,Green Infra
SLR Plan,Vulnerable,Local Response
SLR Plan,Green Infra,Regional Authority
SLR Plan,Green Infra,Regional Authority
Green Infra,Innov Design,Collab
Info Platform,Green Infra,Collab
Innov Design,Regional Authority,Collab
SLR Plan,DACs,Vision
Lobby,,
Info Platform,Existing Agency,Collab
DACs,Vision,Collab
Vulnerable,DACs,Collab
Lobby,Permits,Existing Agency
Info Platform,Green Infra,Climate Change
SLR Plan,Vulnerable,Existing Agency
Info Platform,Green Infra,Innov Design
,,
Vulnerable,Lobby,DACs
Local Tax,Permits,Existing Agency
Permits,Green Infra,Regional Authority
Vulnerable,Lobby,Collab
Local Tax,Lobby,Green Infra
SLR Plan,Local Tax,Existing Agency
SLR Plan,Green Infra,Innov Design
Vulnerable,Local Tax,Green Infra
SLR Plan,DACs,Existing Agency
SLR Plan,Vulnerable,Lobby
SLR Plan,Local Tax,Info Platform
SLR Plan,Vision,Existing Agency
Local Tax,Info Platform,Vision
SLR Plan,Green Infra,Regional Authority
Lobby,Green Infra,Innov Design
Lobby,Permits,Collab
Green Infra,Innov Design,Collab
DACs,Innov Design,Existing Agency
Local Tax,Green Infra,Existing Agency
,,
Permits,Vision,Collab
Permits,Vision,Collab
Green Infra,Local Response,Existing Agency
Lobby,Permits,Existing Agency
DACs,Existing Agency,Collab
Vulnerable,Innov Design,Existing Agency
SLR Plan,Vulnerable,Collab
SLR Plan,Local Tax,DACs
Vulnerable,Info Platform,Collab
SLR Plan,Lobby,Permits
Vulnerable,Lobby,DACs
SLR Plan,Info Platform,Innov Design
Permits,Green Infra,Vision
Local Tax,DACs,
Collab,,
SLR Plan,Vision,Collab
Local Tax,Permits,Existing Agency
Innov Design,SLR Plan,Collab
Vulnerable,Lobby,Vision
Vulnerable,Info Platform,Collab
SLR Plan,Collab,Other
Info Platform,Educate Officials,
DACs,Educate Officials,
Local Tax,Vision,Existing Agency
Permits,,
SLR Plan,Innov Design,Collab
Info Platform,,
Collab,,
Lobby,Regional Authority,Existing Agency
SLR Plan,Info Platform,Green Infra
SLR Plan,Vulnerable,Green Infra
SLR Plan,Permits,Info Platform
Vulnerable,Lobby,DACs
SLR Plan,Existing Agency,Collab
Info Platform,Regional Authority,Climate Change
Vulnerable,Permits,Innov Design
SLR Plan,,
SLR Plan,Lobby,Regional Authority
SLR Plan,Green Infra,Regional Authority
Permits,Green Infra,Collab
,,
DACs,Vision,Local Response
Permits,Existing Agency,Collab
Vulnerable,,
Lobby,Permits,Educate Officials
Permits,Info Platform,Existing Agency
Info Platform,,
Vulnerable,Info Platform,Existing Agency
Vulnerable,Lobby,Info Platform
SLR Plan,Regional Authority,Collab
SLR Plan,Info Platform,Vision
,,
Permits,Info Platform,Collab
Permits,Innov Design,Existing Agency
SLR Plan,Permits,Green Infra
,,
SLR Plan,Innov Design,Collab
Vulnerable,Green Infra,Existing Agency
Vulnerable,Info Platform,Existing Agency
Lobby,Innov Design,Local Response
SLR Plan,Green Infra,Regional Authority
SLR Plan,Permits,Collab
SLR Plan,Lobby,DACs
Vulnerable,Lobby,Local Response
SLR Plan,Green Infra,Innov Design
Info Platform,Innov Design,Collab
SLR Plan,Vulnerable,Info Platform
SLR Plan,Permits,Green Infra
SLR Plan,Vulnerable,Info Platform
Vision,Regional Authority,Collab
Vision,Local Response,Existing Agency
Green Infra,Vision,Collab
Info Platform,Green Infra,Collab
DACs,Green Infra,Vision
SLR Plan,Lobby,Permits
SLR Plan,Info Platform,Existing Agency
SLR Plan,,
SLR Plan,Vision,Collab
Local Tax,Permits,Collab
,,
Vulnerable,Lobby,Collab
,,
Existing Agency,,
Vulnerable,DACs,Green Infra
Vulnerable,DACs,Green Infra
Green Infra,Regional Authority,
Vision,Innov Design,Educate Officials
SLR Plan,Existing Agency,Collab
Vision,Collab,Land Use
Permits,Info Platform,Green Infra
Vulnerable,DACs,Other
Lobby,Local Response,
Regional Authority,SLR Plan,
,,
Vulnerable,Info Platform,Green Infra
SLR Plan,Vulnerable,Info Platform
SLR Plan,Green Infra,Innov Design
Lobby,Permits,Collab
Green Infra,Innov Design,Existing Agency
SLR Plan,Info Platform,Existing Agency
Info Platform,Collab,
Collab,,
Local Tax,DACs,Regional Authority
,,
SLR Plan,Permits,Collab
Lobby,Info Platform,Collab
,,
SLR Plan,Info Platform,Vision
SLR Plan,Green Infra,Regional Authority
Permits,Existing Agency,Collab
Vision,Innov Design,Collab
SLR Plan,DACs,Regional Authority
Vulnerable,Green Infra,Innov Design
Collab,,
,,
,,
Vulnerable,Local Tax,Lobby
,,
,,
,,
,,
,,
SLR Plan,Info Platform,Green Infra
Info Platform,DACs,Collab
Vulnerable,Permits,Green Infra
,,
,,
,,
,,
SLR Plan,Green Infra,Vision
,,
,,
,,
Local Tax,Green Infra,Local Response
Info Platform,DACs,Collab
,,
Vulnerable,DACs,Innov Design
,,
,,
SLR Plan,Regional Authority,Existing Agency
Existing Agency,,
,,
,,
,,
SLR Plan,Green Infra,Existing Agency
Vulnerable,Local Tax,Regional Authority
SLR Plan,Green Infra,Innov Design
SLR Plan,Local Tax,Lobby
,,
,,
,,
,,
,,
,,
,,
Local Tax,Green Infra,Innov Design
,,
,,
,,
,,
,,
,,
,,
,,
,,
,,
SLR Plan,Green Infra,
